<?xml version="1.0" encoding="UTF-8" standalone="no"?>
<config>
	<lines at="topleft">
		<line>
            <str>Welcome, </str><var>yellow</var><var>username</var>
        </line>

        <line>
            <var>green</var><str>FPS: </str><var>r</var><var>fps</var>
        </line>

        <line>
            <var>red</var><str>x: </str><var>r</var><var>x</var><var>green</var><str> y: </str><var>r</var><var>y</var><var>blue</var><str> z: </str><var>r</var><var>z</var>
        </line>

        <line>
            <str>Direction: </str><var>direction</var><str> (</str><var>finedirection</var><str>)</str>
        </line>

        <line>
            <str>Entities rendered: </str><var>entitiesrendered</var><str>, total: </str><var>entitiestotal</var>
        </line>

        <line>
            <str>Total loaded chunks: </str><var>loadedchunks</var>
        </line>

        <line>
            <str>Dimension: </str><var>dimension</var>
        </line>

        <line>
            <str>Biome: </str><var>biome</var><str> | Slime chunk: </str><var>slimes</var>
        </line>

        <line>

        </line>

        <line>

        </line>

	</lines>

    <lines at="topright">

        <line>
            <var>gold</var><str>ArtifexMC Mod Suite 1.3.1, Minecraft 1.7.10</str>
        </line>

        <line>
            <str>Connected to a server with </str><var>ping</var><str> miliseconds of delay.</str>
        </line>

    </lines>
</config>