{
    "images":
    {
        "artifexmc_title":
        {
            "image" : "artifexmc:textures/title/artifexmc_transparent.png",
            "posX" : -100,
            "posY" : -55,
            "imageWidth" : 1000,
            "imageHeight" : 1000,
            "width" : 200,
            "height" : 200,
            "alignment" : "top_center"
        }

    },
    
    "buttons":
    {
        "singleplayer":
        {
            "text" : "         Singleplayer",
            "posX" : 10,
            "posY" : -30,
            "width" : 120,
            "height" : 66,
            "texture" : "artifexmc:textures/singleplayer_button.png",
            "normalTextColor" : 16743769,
            "hoverTextColor" : 8614655,
            "imageWidth" : 128,
            "imageHeight" : 64,
            "alignment" : "left_center",
            "action" : 
            {
                "type" : "openGui",
                "gui" : "singleplayer"
            }
        },
        
        "multiplayer":
        {
            "text" : "        Multiplayer",
            "posX" : -130,
            "posY" : -30,
            "width" : 120,
            "height" : 66,
            "texture" : "artifexmc:textures/multiplayer_button.png",
            "normalTextColor" : 16743769,
            "hoverTextColor" : 8614655,
            "imageWidth" : 128,
            "imageHeight" : 64,
            "alignment" : "right_center",
            "action" : 
            {
                "type" : "openGui",
                "gui" : "multiplayer"
            }
        },
        
        "mods":
        {
            "text" : "Mods",
            "posX" : -100,
            "posY" : -30,
            "width" : 200,
            "height" : 20,
            "texture" : "artifexmc:textures/mmbutton.png",
            "normalTextColor" : 16743769,
            "hoverTextColor" : 8614655,
            "imageWidth" : 200,
            "imageHeight" : 20,
            "alignment" : "center",
            "action" : 
            {
                "type" : "openGui",
                "gui" : "mods"
            }
        },
            
        "options":
        {
            "text" : "Options",
            "posX" : -100,
            "posY" : -7,
            "width" : 200,
            "height" : 20,
            "texture" : "artifexmc:textures/mmbutton.png",
            "normalTextColor" : 16743769,
            "hoverTextColor" : 8614655,
            "imageWidth" : 200,
            "imageHeight" : 20,
            "alignment" : "center",
            "action" : 
            {
                "type" : "openGui",
                "gui" : "options"
            }
        },
        
        "quit":
        {
            "text" : "Quit Game",
            "posX" : -100,
            "posY" : 16,
            "width" : 200,
            "height" : 20,
            "texture" : "artifexmc:textures/mmbutton.png",
            "normalTextColor" : 16743769,
            "hoverTextColor" : 8614655,
            "imageWidth" : 200,
            "imageHeight" : 20,
            "alignment" : "center",
            "action" : 
            {
                "type" : "quit"
            }
        }
    
    },
    
    "texts":
    {
        "mojang":
        {
            "text" : "All rights reserved to Mojang Studios. - #modsactive# mods active.",
            "posX" : 3,
            "posY" : -10,
            "color" : -1,
            "alignment" : "bottom_left"
        },
        "artifex":
        {
            "text" : "ArtifexMC Mod Suite 1.3.1",
            "posX" : 3,
            "posY" : -20,
            "color" : 16743769,
            "hoverColor" : 8614655,
            "hoverText" : "Crafted by Toobad",
            "anchor" : "middle",
            "alignment" : "bottom_left"
        }



        
    },
    
    "other":
    {
        
        
        "panorama":
        {
            "images" : "minecraft:textures/gui/title/background/panorama_%c.png",
            "animate" : true,
            "animationSpeed" : 1,
            "blur" : true,
            "gradient" : true
        }


    }
}