[
  {
    "resourceLocation": "artifexmc:textures/artifexmc.png",
    "positionType": "CENTER",
    "type": "STATIC",
    "texture": {
      "x": 0,
      "y": 10,
      "width": 256,
      "height": 256
    },
    "position": {
      "x": 0,
      "y": 25,
      "width": 200,
      "height": 200
    },
    "comment": "None"
  },
  {
    "resourceLocation": "textures/font/ascii.png",
    "positionType": "CENTER",
    "type": "DYNAMIC_TEXT_PERCENTAGE",
    "position": {
      "x": 0,
      "y": -40,
      "width": 0,
      "height": 0
    },
    "colour": "FFFFFF",
    "comment": ""
  },
  {
    "resourceLocation": "artifexmc:textures/loading_bar.png",
    "positionType": "CENTER",
    "type": "STATIC",
    "texture": {
      "x": 0,
      "y": 10,
      "width": 182,
      "height": 5
    },
    "position": {
      "x": 0,
      "y": -50,
      "width": 182,
      "height": 5
    },
    "comment": "None"
  },
  {
    "resourceLocation": "artifexmc:textures/loading_bar.png",
    "positionType": "CENTER",
    "type": "DYNAMIC_PERCENTAGE",
    "texture": {
      "x": 0,
      "y": 15,
      "width": 182,
      "height": 5
    },
    "position": {
      "x": 0,
      "y": -50,
      "width": 182,
      "height": 5
    },
    "comment": "None"
  },
  {
    "type": "CLEAR_COLOUR",
    "colour": "393939",
    "comment": ""
  }
]